1.0,3.43263476905,0.280417833321
0.0,-1.3415030109,3.0869815446
1.0,3.84602211727,1.20644517642
0.0,-0.403113022084,3.1513941904
1.0,3.06249095529,0.21673470383
0.0,-0.513603326464,3.20774962201
1.0,1.62591942014,-0.761276577663
0.0,-1.16777216112,1.02745799204
1.0,3.3952054082,1.67713225089
0.0,1.14279348721,1.6247239178
1.0,1.59191060627,1.3527023018
0.0,-0.395883726874,2.6262684097
1.0,0.388437606847,0.823992575494
0.0,1.00434313096,0.867656000143
1.0,1.14575471179,-0.664971938767
0.0,-1.33130731637,2.11435823895
1.0,2.23202151152,2.04918445882
0.0,-1.60307773207,2.98072778636
1.0,1.74627667526,-0.109711648021
0.0,0.294772294409,1.12695456757
1.0,2.16233985884,0.613826694578
0.0,-0.485176923421,3.15464740682
1.0,1.43325958389,0.524274119211
0.0,0.809250282018,2.76761795756
1.0,0.624817406824,-1.18442201158
0.0,0.521403017457,0.554967143885
1.0,2.27808391884,-0.992008918201
0.0,-0.669368870634,1.68996485096
1.0,1.77597337879,-1.60115423355
0.0,1.87589094286,2.74199471794
1.0,3.35241082579,0.903356827299
0.0,1.85764883758,0.710226405279
1.0,1.36263669161,1.01259518817
0.0,1.22629986303,3.01108332779
1.0,-1.09775134139,-0.516381824002
0.0,0.803623876024,2.4294266281
1.0,2.8788819566,1.78708966805
0.0,0.300322914248,0.954746684988
1.0,1.07997491634,0.729518216169
0.0,-1.05338311322,1.90833338691
1.0,2.71244924461,0.024550597636
0.0,0.0735941842553,1.65457602838
1.0,2.10064042081,-2.02005333149
0.0,1.34066986526,0.39531675432
1.0,3.06457763418,-0.623600821272
0.0,1.44613325491,0.910056715944
1.0,1.20265776431,-1.1102720538
0.0,-0.0487653606296,2.51136703534
1.0,1.47360530164,1.10509264604
0.0,0.75359434249,2.92970400141
1.0,2.59361975928,1.85833730482
0.0,1.77182149421,3.03139048762
1.0,0.406884670632,0.776234666187
0.0,-0.115092710203,1.22110197971
1.0,1.65236476464,-0.737079830882
0.0,1.45988973942,2.30638486805
1.0,-0.836846523865,1.82596505828
0.0,1.09078884885,2.81464627242
1.0,2.66507277892,0.154571111591
0.0,-0.342356983573,1.09098575999
1.0,2.34056162778,2.13808126401
0.0,-1.25610907993,3.04957235945
1.0,1.93737973584,-0.495577432364
0.0,-0.93654687428,1.98973278655
1.0,2.7365239038,-1.26855489544
0.0,-0.545384431956,2.96872916663
1.0,-0.0454464938199,1.37397753999
0.0,-0.41590780694,1.40346831901
1.0,2.51880961503,-0.375340565826
0.0,-0.203939402004,1.95203752272
1.0,1.45250090651,0.96948634968
0.0,0.13780559377,1.90052424327
1.0,1.56109525662,0.0588144584803
0.0,0.216069829616,2.33578797225
1.0,2.84403685987,-0.499160323248
0.0,-0.447200084022,0.557823978032
1.0,1.51125763105,0.49020727461
0.0,0.722669872933,3.29474240236
1.0,3.55999992493,-0.725895690771
0.0,-0.490990548517,1.18500631327
1.0,1.75988660333,0.152521038706
0.0,0.54182842584,2.93271790103
1.0,2.11523181785,0.697638275854
0.0,-0.64593381358,2.59946572414
1.0,-0.214758504663,-0.690488342876
0.0,0.36890160349,0.496261127813
1.0,2.77141527449,1.73556096781
0.0,0.447634274462,0.589489891673
1.0,3.60603933582,0.184355196652
0.0,-0.165800167225,2.03953959787
1.0,1.15108727077,1.24826791648
0.0,0.005002955177,2.96012589935
1.0,4.29860482604,-0.404384317013
0.0,1.15864833206,3.03423302282
1.0,2.03979113717,-2.33415533703
0.0,-1.63747362657,2.47004178894
1.0,0.990219318979,-0.800531882607
0.0,1.45758180848,3.20129527164
1.0,0.335679448142,-0.8045551053
0.0,0.342539289115,2.37316360774
1.0,1.61131650531,0.188476817959
0.0,0.999007415605,3.18786891122
1.0,2.98582953466,-0.903841736719
0.0,-0.349076503705,1.79371285967
1.0,1.79192567447,-1.94091044662
0.0,-0.489865294895,2.81445656766
1.0,2.74527197835,-0.924511274
0.0,1.11279210711,4.38251492828
1.0,2.97205651115,1.42932128554
0.0,0.561187800945,3.26772157757
1.0,1.81550958171,-0.902428776318
0.0,-1.43414579098,2.77094654246
1.0,2.02937538841,0.701810606509
0.0,-1.83951113419,2.19904455925
1.0,1.27847351893,1.2392389569
0.0,-0.60648123137,0.677682233615
1.0,2.59062665077,-0.572174201302
0.0,-0.382734796951,1.78261479774
1.0,2.75942993509,2.10776431619
0.0,-0.0412523818649,1.74178394808
1.0,2.50543654396,0.0436122556161
0.0,-0.377594314087,3.78148318395
1.0,0.767165271551,0.105504322873
0.0,1.87295783607,3.41754908923
1.0,3.59519329002,0.265863610794
0.0,0.497382877459,0.430056842954
1.0,2.33833057469,0.928704270135
0.0,-0.0990428600917,1.22478269814
1.0,1.86015569974,0.566217200276
0.0,1.46428599126,1.46101347166
1.0,2.57259418557,-2.25133340117
0.0,-1.00035070301,2.40158235142
1.0,3.76841375117,0.630479534647
0.0,-0.114159517884,2.50999751417
1.0,2.9710903047,-1.60252714174
0.0,-0.215371912437,2.08147488772
1.0,3.91671527142,-0.411176835071
0.0,-0.914105916465,-0.305639924267
1.0,0.0598725552017,-0.886176377649
0.0,-0.570502253547,0.936851682966
1.0,0.940245525687,-1.07356531317
0.0,0.144363290577,1.31182139383
1.0,1.32382876182,0.4884250036
0.0,-1.07239063977,2.02064578162
1.0,1.92196132753,1.04513530966
0.0,-0.762231153394,2.5160148043
1.0,-0.229961228353,0.0443823251046
0.0,0.365898205656,1.25360484418
1.0,1.14739851168,-0.804860108546
0.0,1.13091329749,2.55846632891
1.0,0.310011029908,-0.427489456595
0.0,0.0470542273997,1.44194079089
1.0,2.51832149095,-1.38524286322
0.0,-1.04317066697,0.4900448001
1.0,1.09083804593,-0.434252936206
0.0,-1.43457250747,2.07290003142
1.0,1.3815649963,0.34137739257
0.0,-0.224897633556,1.38291738119
1.0,2.05565641742,1.22965474205
0.0,-0.740507451698,1.97450016008
1.0,0.551689423603,-0.422778643023
0.0,-0.324079503171,2.95079586679
1.0,2.47882196864,-0.364884927807
0.0,-0.241064738247,1.44332193851
1.0,2.94752668624,-0.198780709627
0.0,1.11226520622,1.50063944447
1.0,2.37428175533,0.167978618207
0.0,0.692900247411,0.102040415071
1.0,1.48717998023,-0.101325295076
0.0,-1.71722444706,3.60665963251
1.0,3.09815937648,-1.07225239725
0.0,-1.70677868369,1.75579834705
1.0,1.97512720162,1.14942244165
0.0,-0.716176321152,2.57020057989
1.0,3.03963731897,-0.0870565038104
0.0,-0.146673887839,1.84976361666
1.0,1.98627430035,-0.671463114157
0.0,1.00595821454,3.05801891859
1.0,0.610430951789,0.450834237697
0.0,2.34744601083,1.24539644039
1.0,0.397349350492,0.135151642433
0.0,0.774819616973,1.43300543598
1.0,1.7102242147,-0.398662921522
0.0,-0.604683624443,2.73230514439
1.0,-0.406429976241,1.58323399575
0.0,-0.20235402784,1.08676509572
1.0,3.0911353091,0.0581986623022
0.0,-1.54499455939,1.76571315
1.0,0.992925961921,-0.874845421925
0.0,-1.33651859053,2.49753855894
1.0,2.73447742803,0.0741017538822
0.0,0.94112908482,1.98453519337
1.0,2.33833521202,-0.074034693378
0.0,-0.580940583961,-0.438015574718
1.0,1.55741896049,0.0398320979356
0.0,0.45884922229,1.74514478435
1.0,1.93917874944,0.310842295027
0.0,-0.233727460216,1.82738553975
1.0,-0.148370204831,1.12007044175
0.0,0.131952482112,2.8289397006
1.0,1.2460817762,0.523648682008
0.0,-0.844349765346,0.0627238570588
1.0,1.64092046478,1.95498568576
0.0,0.376877790095,3.19360917583
1.0,2.49182573986,-0.207936331825
0.0,0.410729611806,0.951082241238
1.0,2.44572158248,0.471508722045
0.0,0.9960628329,3.14393467484
1.0,2.99838851886,-0.674104633726
0.0,0.39746714171,1.09456129171
1.0,0.895181694412,1.01615445915
0.0,0.0221658580718,1.05929625384
1.0,2.72738415603,-0.00861739977793
0.0,-0.854469434495,3.44334671035
1.0,2.90963070459,1.37295685135
0.0,-1.69373368713,3.41848165812
1.0,1.97743215223,-0.438886155253
0.0,-1.48148746239,3.41382983097
1.0,1.98551992666,-0.690588981713
0.0,-0.50304692326,2.64722650122
1.0,1.9019718793,-1.41375372367
0.0,-0.142677907113,2.42899995695
1.0,0.971208455907,-0.603524864685
0.0,0.671808984482,2.31871071946
1.0,3.41476096801,1.79381275799
0.0,-0.0163610629611,2.77351152372
1.0,2.30573620992,-0.130939959332
0.0,-0.365019055198,2.67569252328
1.0,3.36272935751,-1.62045498019
0.0,-0.408733121796,1.95336094573
1.0,1.94274901245,-0.78345715209
0.0,1.80007917498,1.73533344319
1.0,1.23666295395,0.296761416582
0.0,-0.686328558187,3.02293444288
1.0,2.30511459405,-0.163397994149
0.0,0.97102824588,0.965988961501
1.0,1.20897304027,-1.47804145326
0.0,0.833876428418,2.61986395487
1.0,0.879105508704,-0.574721752044
0.0,-1.08779079975,2.57856300966
1.0,0.573767058861,-0.463790392405
0.0,0.40011357967,2.11945008793
1.0,2.02725761734,-0.449499363392
0.0,-0.435894388484,0.391212165917
1.0,0.698696777171,-1.11942848351
0.0,-0.0944178066031,2.76462805297
1.0,3.46362133672,0.90029829781
0.0,-0.492735159407,4.29673559958
1.0,0.294864701559,0.770385870251
0.0,-0.020508665222,1.27526730174
1.0,0.683094078031,0.241634361569
0.0,2.2870172022,1.11300144635
1.0,4.21551199421,0.750380642055
0.0,1.07933408365,1.13393610369
1.0,2.97896256129,0.0666951187167
0.0,-0.3671850126,4.43672437022
1.0,1.86615559854,-1.77322706363
0.0,-0.393669669648,2.19314426021
1.0,1.99333725203,-0.153898267941
0.0,0.908675216907,1.3935752148
1.0,2.27780210248,0.14598388735
0.0,1.1195384743,1.20487045481
1.0,2.03020499765,0.801363396389
0.0,-0.336427166461,3.42482543045
1.0,1.81670747269,1.68699323766
0.0,-0.779010079224,0.888489790138
1.0,1.67757012019,0.320935803359
0.0,2.07574205886,2.96214494437
1.0,0.100325966238,-0.315366763467
0.0,-0.247522666775,2.21475413073
1.0,2.51590673134,-0.453066698618
0.0,-0.119552918344,1.90592855678
1.0,3.62847957127,-0.627645065073
0.0,-1.09587645297,1.40141293081
1.0,1.03662297135,-1.43735369592
0.0,0.654414068516,1.75703017225
1.0,1.39028840249,-0.243467270481
0.0,-0.951042134011,1.98511969682
1.0,1.3448296491,0.30336494279
0.0,-1.19253357437,1.32081165048
1.0,0.624073267926,0.925253590822
0.0,0.403312990382,2.70626160187
1.0,1.47633018226,2.23581918484
0.0,1.59180008226,-0.642574714668
1.0,2.23022870876,-1.03476796652
0.0,0.374746688138,3.3471756396
1.0,1.87064571311,0.706998632288
0.0,1.47232506522,3.34250620834
1.0,2.9956245869,0.471109010843
0.0,-2.0281991086,1.73345318636
1.0,2.78324058083,-2.13515558258
0.0,0.249407029841,1.6710470978
1.0,1.30293465799,-0.587285908939
0.0,0.830835063748,2.33856918038
1.0,1.59704105702,-0.88600809962
0.0,-0.459267404329,1.48403933883
1.0,2.59148490798,0.0632279513837
0.0,-1.26710535942,3.09598962709
1.0,2.66507948685,0.348389319082
0.0,0.313612108619,1.69906379624
1.0,1.63066612029,0.726086187142
0.0,-1.38588357573,1.91851044899
1.0,1.67840957063,0.535110026282
0.0,0.917361894066,1.72085186047
1.0,1.35338436683,-1.62959488891
0.0,0.980481695957,0.984031648981
1.0,1.66324018354,0.470803918835
0.0,-1.04178508851,1.09869544322
1.0,1.48820390054,-0.565255642705
0.0,-0.373138103429,3.85000357889
1.0,2.55925419632,-1.672694604
0.0,-0.218360517021,2.26489756071
1.0,1.49359421351,0.241029705956
0.0,0.613083128853,1.74561997205
1.0,1.97735877921,0.0460204796393
0.0,0.740386627486,3.88347017171
1.0,1.74436102504,-0.423240044444
0.0,-0.175876760578,3.30459060191
1.0,0.864367438609,0.502157912496
0.0,0.948238349465,1.86864329829
1.0,1.22365127566,0.355757609288
0.0,1.2778474217,2.61821825433
1.0,1.64323713126,0.609955945571
0.0,-0.390482320174,0.508363540166
1.0,1.82244106008,0.32450614094
0.0,1.16896727837,1.50834984734
1.0,1.38647822887,1.07389075576
0.0,-0.707865686063,2.83693835939
1.0,1.84525472832,0.936150153985
0.0,0.856309313703,2.81649954428
1.0,1.539927592,0.222617435158
0.0,-0.82286012599,2.59680515157
1.0,1.17990909058,0.631576318647
0.0,0.469709319374,3.48213721525
1.0,1.39525541086,-0.85282238993
0.0,0.514587240152,2.99452355093
1.0,2.11234501354,0.90422588872
0.0,-0.924849439765,2.19424631099
1.0,2.39367477698,0.111925488329
0.0,-0.889820118995,2.18520191356
1.0,2.1829874123,0.42277191651
0.0,-0.54363323693,3.08768947243
1.0,1.67396653877,-0.120469738835
0.0,0.573536519515,2.25402991169
1.0,2.71881561028,-0.454958037209
0.0,-0.782729675208,1.08156038254
1.0,2.2017229179,0.101840370616
0.0,-0.265037024805,1.92437914162
1.0,0.204449798687,-0.319839068363
0.0,-1.27373827119,1.1010654037
1.0,1.47303203964,-0.274552236123
0.0,0.265448823349,4.37508172692
1.0,2.42145938466,-0.80747248507
0.0,-1.70178113714,1.26610018191
1.0,1.76574856723,-0.813289535276
0.0,1.13639085824,3.38894716113
1.0,2.66358335376,-0.232330322826
0.0,0.185547362471,3.56606072095
1.0,2.27841109201,0.420014435352
0.0,-0.965424605539,0.451577413554
1.0,2.49098656067,-1.42497542325
0.0,-0.993771554791,0.912287175447
1.0,1.94076448546,0.86583258919
0.0,1.68208601754,2.38802554809
1.0,2.5024791672,0.472033712717
0.0,-0.0330715665932,2.96125338963
1.0,1.4978532465,-0.589655363854
0.0,-0.620057108372,0.790511980187
1.0,4.01012886085,0.596133177985
0.0,0.247383326314,0.104900054497
1.0,0.889261116265,-1.75620324629
0.0,0.117758954416,2.31557257091
1.0,0.980692174018,-0.243730034445
0.0,0.295679043304,2.08508561007
1.0,3.39178168648,1.30469955243
0.0,0.695962653824,0.61818605813
1.0,2.77454041852,2.51155012988
0.0,-0.531960317636,1.84361859395
1.0,2.7361961668,0.717732464022
0.0,-0.62954016235,2.0552616378
1.0,1.62051566198,-0.234688768569
0.0,-0.82491595171,0.81078758994
1.0,0.20237641933,0.365720240001
0.0,1.57678076338,2.16503347631
1.0,2.77369860194,0.328553580793
0.0,0.866196966355,2.41531268976
1.0,0.479073551094,0.496830487424
0.0,0.344471877245,3.0841937486
1.0,2.54865051718,0.587205413108
0.0,0.553500619109,0.837552589572
1.0,1.62595039781,0.740604834255
0.0,0.734722071523,0.410140113595
1.0,0.454482752465,-1.73784509836
0.0,-0.00722239968302,2.65479424237
1.0,0.777278452701,1.16255201292
0.0,0.557119149227,2.39832719747
1.0,2.0931384387,0.448319891484
0.0,-1.12049423311,1.3173798126
1.0,3.59097449345,-0.254741139603
0.0,0.318017928271,2.93661415798
1.0,0.551170956953,1.05897441003
0.0,-1.5596790277,1.88014663512
1.0,2.09255661179,-2.27083901747
0.0,-1.98968195591,3.87351644924
1.0,2.75062665775,0.539442176816
0.0,-1.37305463008,2.50873046437
1.0,0.939115501038,-1.01504863816
0.0,-1.25475641495,1.21411955475
1.0,1.08722524044,0.452283152974
0.0,2.23472285554,1.73060338923
1.0,2.11640788272,-0.295606947336
0.0,0.290964342974,3.02914450122
1.0,1.82649445755,2.05973068245
0.0,-0.240985465955,0.768250192298
1.0,2.60951273947,0.0925450797488
0.0,-1.99141409557,2.35821533625
1.0,1.63859233125,-1.05537670128
0.0,-1.55842482471,1.2494827917
1.0,1.36677172898,1.12603563938
0.0,1.58141321325,2.30131783591
1.0,-0.153282661431,-0.930747362787
0.0,0.292914479133,2.21218254191
1.0,0.747424425592,-0.67530614294
0.0,-0.339707734527,3.49995769041
1.0,2.64799144514,1.57556210599
0.0,-1.30540512832,2.66124406988
1.0,2.28029039436,-0.152690374087
0.0,0.0357846085413,0.372681916163
1.0,1.67114679575,1.16754109286
0.0,-0.874792235802,0.994606656889
1.0,2.62738913651,1.35282494458
0.0,1.94965780095,1.99572953978
1.0,2.92176808307,0.637918535978
0.0,-1.32426853498,1.50300229321
1.0,2.33902077066,0.176396187084
0.0,0.261249512159,0.396532879445
1.0,1.59326674284,-0.729338704707
0.0,0.783165705323,1.24134788536
1.0,0.226249711912,0.234254352303
0.0,-0.798163164378,3.11147172037
1.0,3.09607874517,1.53117805971
0.0,-0.510953338776,2.77890618754
1.0,3.69438402407,0.397840471112
0.0,-0.499036675143,2.40741352335
1.0,3.19101430258,-0.343878988754
0.0,-1.12633017184,1.84280864073
1.0,0.724525096778,0.703161730175
0.0,-0.103619588475,3.65141112084
1.0,1.67197709355,0.286778796119
0.0,-0.316352824001,3.66769790594
1.0,2.69828894104,1.16378603337
0.0,-1.52529957972,3.37154955921
1.0,4.03896531459,-0.555101359712
0.0,-0.382385315863,1.42180404446
1.0,1.56889775666,-0.963257592556
0.0,1.33502850954,1.911270598
1.0,2.56769228997,-1.15813862435
0.0,2.14538906113,2.29333077372
1.0,2.79753455444,-1.67660751036
0.0,0.0223320243911,1.32399307444
1.0,1.51692495408,0.686412724189
0.0,-0.641407574064,2.66933227317
1.0,1.26761425007,-0.677065685981
0.0,-2.2972498704,4.01968206133
1.0,2.06019503009,2.25413751371
0.0,1.06821852719,0.0468072892293
1.0,1.56663818651,-1.80420438951
0.0,0.764960433665,2.41005686126
1.0,2.72407063104,1.09709710337
0.0,0.80766420561,4.15840061965
1.0,0.795893893619,-1.76554689997
0.0,-1.65618943775,3.37640488438
1.0,1.75640954142,1.2606588243
0.0,-0.793129131203,2.68368074901
1.0,2.09242928507,-0.956292761323
0.0,-0.525098864354,2.54718600142
1.0,1.63350527923,0.567976459999
0.0,1.20879344471,1.6433733387
1.0,0.551237025522,-1.70321889586
0.0,-0.753494468904,1.55885884396
1.0,1.83872004781,-0.776512838916
0.0,1.47911206642,2.42653405093
1.0,2.69927815733,0.956267511787
0.0,-0.0236890622222,1.61716721204
1.0,1.54730073473,0.751299891533
0.0,1.03102779129,-0.222412807178
1.0,2.28029965634,-1.00208887274
0.0,0.245208346924,-0.251226366891
1.0,1.47445455064,0.841128284784
0.0,0.030194597259,2.4552761227
1.0,0.176896996887,0.00640089552888
0.0,0.649625492747,1.50675716959
1.0,2.19676398577,1.74601961656
0.0,-1.24529049008,1.1261070844
1.0,0.460005859786,1.28481306825
0.0,-0.802100662724,2.56809246099
1.0,0.885593173511,-1.41324057733
0.0,1.5682266562,1.45845748611
1.0,1.52700824651,0.673676770963
0.0,0.555631546791,1.69546744303
1.0,1.12866872938,-1.07745821848
0.0,-1.47081613679,1.72569196682
1.0,1.14006156373,1.99480233226
0.0,0.464456339031,1.19983889136
1.0,2.03272200602,2.20125473395
0.0,0.470401510413,2.11732813214
1.0,1.295644661,0.690739205761
0.0,-0.231530812826,2.29747304888
1.0,2.55783223553,0.140700409343
0.0,0.161030429568,3.006576146
1.0,2.9147106792,-0.751449917809
0.0,1.55507299608,1.91559538471
1.0,2.35852572,0.891298495187
0.0,0.421550976781,3.37268409356
1.0,2.4806908034,-0.19565623073
0.0,-1.57211583335,2.20852015052
1.0,1.66646029285,-0.623982878985
0.0,-0.772786835748,1.96223676754
1.0,0.9313388542,0.138474133457
0.0,1.00218740538,1.83182853206
1.0,1.90883463333,-0.0983554839721
0.0,0.528998591744,1.7488597086
1.0,2.25132138507,-2.73708304902
0.0,-0.633978039791,1.12610505094
1.0,2.73728194691,1.36076061021
0.0,-0.478680613291,2.18783698557
1.0,2.62238230227,-0.0578214038407
0.0,1.07489994622,1.26604689934
1.0,1.24367529187,-1.55788915902
0.0,-1.8031853124,1.93329264248
1.0,0.010835667801,-0.494620950412
0.0,0.520941782678,0.706279934176
1.0,2.95051280494,1.84944797582
0.0,1.49366026033,3.10530812271
1.0,3.40694632281,2.43344293643
0.0,-1.29733394192,3.71106159441
1.0,0.115821008615,-0.295276956329
0.0,-2.1369425999,3.12495248953
1.0,3.39560713227,0.781871147066
0.0,-0.400781042951,2.10489679683
1.0,1.47951405009,-0.37530401513
0.0,-0.684101257051,1.81946263845
1.0,2.36997602652,-1.72123221964
0.0,-0.603628830602,0.512675889674
1.0,1.38728552207,-1.22970182266
0.0,-0.226586353694,1.01346746336
1.0,3.18157457839,0.0926668181591
0.0,2.30360435676,2.70012334535
1.0,0.247297356788,-2.35630032469
0.0,-0.0886650786982,2.01146034976
1.0,3.57474295692,2.01119195251
0.0,-1.87516471626,1.68096991304
1.0,3.94736175852,-0.247240296552
0.0,-0.951911975812,1.30004307554
1.0,2.34346716385,0.527389187616
0.0,1.63976608163,0.595868252904
1.0,2.81303818368,-0.000655802379835
0.0,1.6060052692,1.78997343871
1.0,3.87963107844,-0.306494257704
0.0,0.188492462811,2.10382762889
1.0,1.36884704898,1.08199550648
0.0,-0.496332204315,2.44281532001
1.0,2.28029205065,0.724807828122
0.0,-1.54277222907,1.39090074809
1.0,1.76487874899,0.735617485536
0.0,-0.664815319168,2.51739028094
1.0,1.66076209086,-0.647061839669
0.0,1.5272192587,3.79209142929
1.0,0.46513717445,1.49429604624
0.0,0.65246280951,2.7639541404
1.0,2.97709764351,0.688740744843
0.0,1.61322223807,2.50719073429
1.0,2.67560077398,-0.380317861264
0.0,-0.337562270381,2.4294279674
1.0,2.74186054546,-1.03860983728
0.0,-1.82189091054,1.82872532156
1.0,3.15784236955,0.468989780236
0.0,-0.270087339543,2.50417920743
1.0,2.96665682706,-0.768260123272
0.0,-0.878741825657,0.903581987959
1.0,2.66164175157,0.201776360601
0.0,-0.786083271344,2.59284453074
1.0,1.73892396409,-0.867156490245
0.0,0.99188910425,1.87842382698
1.0,1.94055144398,0.198882417998
0.0,-0.0322893183724,1.36731359407
1.0,3.97428343539,0.301795291784
0.0,-0.118737332297,2.11253655324
1.0,0.775028520413,0.441995560467
0.0,-0.461338878182,2.61493867337
1.0,1.51905799294,-0.494253588809
0.0,0.771280559927,0.66696532068
1.0,2.20339894777,1.53238885189
0.0,0.340892565828,0.512921333712
1.0,0.767771586319,0.0841333878625
0.0,-0.775855576936,1.84358232485
1.0,2.59351847173,1.11190795482
0.0,-0.0502078654765,0.524325078878
1.0,2.45796963339,-0.857740605623
0.0,0.0630519106022,0.320501843666
1.0,1.90420977879,1.57274791991
0.0,0.679521236507,2.19944009103
1.0,3.6116211504,1.28985703859
0.0,0.303703655173,1.62775654034
1.0,0.759975759553,0.506502833282
0.0,-0.482649258448,3.44350859027
1.0,1.99032422019,-1.17014330184
0.0,-0.838805459517,1.19848046335
1.0,1.42730492404,-0.885279063206
0.0,-0.384272771431,2.54480190479
1.0,2.46198940585,-0.241952825849
0.0,-0.303458461591,1.82245173488
1.0,1.18864581992,0.245148837459
0.0,0.541800081695,1.60536043589
1.0,1.03740374182,0.315604802111
0.0,0.886582534204,2.1481244579
1.0,2.43464096021,0.598895752048
0.0,0.0577825077583,2.35630915838
1.0,1.64052596645,1.15719282145
0.0,0.496783898206,3.11777424908
1.0,1.79212321938,1.13659601715
0.0,1.82269245137,1.24727216835
1.0,0.79106064064,0.252729721193
0.0,-0.0357024853114,1.85989129399
1.0,1.78573883058,0.24792762874
0.0,0.672786182558,0.97389652661
1.0,1.78351806649,0.395910916458
0.0,1.04114917572,1.75128441339
1.0,2.35709157036,0.108641379863
0.0,0.046701869602,-0.413966231611
1.0,1.53208929863,0.625096434158
0.0,0.98029712361,2.70432749088
1.0,2.76140383537,0.366564555547
0.0,0.0156890022828,3.06093604536
1.0,3.05498622995,0.29471221953
0.0,-0.641093451509,1.30787120418
1.0,2.41395162432,0.302384573892
0.0,0.293430356674,2.2664511201
1.0,1.52009189619,0.124121089708
0.0,-0.476517947999,1.14002382633
1.0,3.52817299106,-0.523498996339
0.0,1.04082920108,1.5836212811
1.0,2.13511420375,-0.486013148829
0.0,0.101821942108,1.15232635523
1.0,1.8272527249,0.223747399872
0.0,-1.35184825165,1.95341419927
1.0,0.0405126826224,-1.33493088536
0.0,-0.502478342142,2.95995801002
1.0,2.35807289989,0.343206772034
0.0,0.364000767733,4.08670635899
1.0,0.849606288054,-0.364958636607
0.0,0.277863435822,2.27073462387
1.0,1.75491804472,0.382236264942
0.0,2.61544732003,3.31456794341
1.0,3.99587599904,-0.832082101062
0.0,-0.1173158567,2.8051074484
1.0,2.2410033275,0.684182828315
0.0,-2.79606478133,2.96736804885
1.0,2.66584722115,0.00752102004019
0.0,1.2516860928,1.2629042194
1.0,1.77262364638,0.995548661584
0.0,0.481137930157,1.66008522316
1.0,1.25897069722,1.01732330599
0.0,-0.120334260384,1.82964254194
1.0,3.71647331979,-2.68951762289
0.0,0.184784915464,1.74930772298
1.0,3.08787284979,-0.60441553695
0.0,1.33681874916,2.33309781921
1.0,3.13545065097,0.122458064661
0.0,-1.08608366686,2.06474922033
1.0,1.24765687662,-0.0254714614727
0.0,-0.826620929866,-0.81342829539
1.0,0.8946741117,-1.25894280383
0.0,-0.344760691682,2.0607680044
1.0,1.18980358106,0.766494525017
0.0,-0.270105643873,2.35563243782
1.0,1.93311982269,2.07564594593
0.0,-0.0895320138566,3.75279948053
1.0,2.47563351095,-2.18901209526
0.0,-0.129186574752,1.34127771631
1.0,0.277028580697,0.159423246987
0.0,-3.07910975235,3.50262454401
1.0,1.33645688138,0.522892350544
0.0,-1.95465955096,1.81319408282
1.0,2.88335123193,-1.39048062499
0.0,-0.775994991903,2.94781447484
1.0,1.32175900842,-2.062083543
0.0,0.799961092467,2.2412281433
1.0,1.12977345618,-0.567883999738
0.0,0.147385746218,0.974418384809
1.0,2.67420569572,0.876700191718
0.0,-1.151290624,2.84902816232
1.0,1.25965722751,0.115750576876
0.0,-0.244532391043,3.46129837823
1.0,2.67371369649,-1.52695565865
0.0,-1.21506978471,1.38361275616
1.0,3.40777000927,-1.04291841849
0.0,-1.42234087849,1.98560906369
1.0,2.1152005324,-0.541469050047
0.0,-2.1563810318,2.02341265959
1.0,1.47075060355,0.0751349211483
0.0,0.266555693736,1.97513267451
1.0,1.55021125059,-0.612440161056
0.0,-0.661777601953,0.983124191754
1.0,0.537565265008,0.786064397788
0.0,0.515974398137,2.46410862888
1.0,2.39686226112,0.313953979095
0.0,-1.88795937338,2.72114706619
1.0,1.80723971289,-0.522429057079
0.0,0.0875926332603,2.10380236893
1.0,1.75196258088,-0.0992455655882
0.0,0.125894878005,1.71561854886
1.0,1.91811523936,-0.585023919385
0.0,-0.620046835682,2.11830175933
1.0,1.53753428605,0.176526177933
0.0,-2.19281819944,2.4599489617
1.0,0.86440297357,0.305437378399
0.0,-0.898491919739,4.04749644542
1.0,2.54621241865,1.39276681473
0.0,-0.134836764218,0.969141331511
1.0,0.677012846022,-0.503196975625
0.0,0.953137188721,2.00966669751
1.0,0.910473515933,-1.24306979651
0.0,-1.29122965756,0.177685346943
1.0,2.58620435265,-0.236829201013
0.0,0.946737877073,3.04445000076
1.0,1.46330114705,-0.506460218741
0.0,1.12011553729,2.28635510144
1.0,3.12729798231,0.375531776679
0.0,0.270431675054,2.33940377308
1.0,1.77413529247,0.888444208216
0.0,0.535915709644,0.651683668389
1.0,1.62916314194,0.421595808291
0.0,-0.102784278089,1.99505539456
1.0,3.14006716504,0.299629291025
0.0,-0.807814102184,2.27435103817
1.0,1.08855737961,-0.217934162888
0.0,0.805780934951,1.30219820421
1.0,3.54923572517,-0.87494810273
0.0,-0.703358485411,1.45431774065
1.0,3.51334566105,-1.79170785603
0.0,0.0864413111402,3.98724894942
1.0,2.29184644843,0.520435474592
0.0,1.62090351534,3.1955537768
1.0,3.09277053494,0.247400677549
0.0,0.0925488283939,0.990134017077
1.0,1.23776176337,0.374049614445
0.0,0.984353338801,1.92827416516
1.0,2.91720879199,-0.608319917647
0.0,-1.51391723031,1.97481287514
1.0,2.33438437875,0.434292993579
0.0,1.00626948273,1.47603600564
1.0,2.94582224405,0.00618992286917
0.0,-0.940039165174,1.52644839988
1.0,1.41005509612,1.60842596995
0.0,0.697367625949,4.21656308999
1.0,0.967503059453,-0.637320118214
0.0,-0.512887673973,1.71949574796
1.0,1.8591900264,-0.389345982029
0.0,-1.08926103202,2.16678091736
1.0,1.882945286,0.801689036203
0.0,-0.261310036153,0.53428290204
1.0,0.781855184935,0.899484235889
0.0,0.520943557271,1.40099896282
1.0,1.16405549377,1.18260214819
0.0,-0.470547062712,2.12594285757
1.0,3.91506105472,0.0587044319451
0.0,-0.340897994511,2.59040606477
1.0,2.04335997992,0.0239984781353
0.0,-1.55652435316,2.88844935438
1.0,2.25365080747,-1.58601403351
0.0,-1.24770224481,2.25628096327
1.0,-0.883809034174,-0.0401600924649
0.0,0.345433928468,2.52280835499
1.0,1.35874472598,1.25785988325
0.0,-0.112789243854,2.02344042464
1.0,3.40487016759,1.28387509716
0.0,-0.812449828936,0.880359425499
1.0,1.12847775301,-0.0917650021625
0.0,0.126121136773,0.96966320677
1.0,3.44106213938,0.659298134892
0.0,0.583317545137,1.67818053374
1.0,0.733439488784,0.5800588345
0.0,-0.230873908695,0.455865940106
1.0,-0.131901380807,-0.748646121674
0.0,1.04658744362,3.10889211442
1.0,1.7212966401,-2.01483407248
0.0,-1.25793259878,1.68973442715
1.0,3.83523026874,-1.03776308521
0.0,-0.72924465883,0.958800604314
1.0,3.26989715991,0.68767946677
0.0,-0.446302150233,3.12576408576
1.0,0.618857725824,-0.465259688626
0.0,-1.81463673416,2.39380485101
1.0,2.19437679668,-0.150767791436
0.0,-1.09318064539,0.973972186845
1.0,0.948615356617,0.902715184571
0.0,0.036054849056,1.99744813088
1.0,3.0495871119,0.383251911014
0.0,1.45567482952,3.79249653118
1.0,1.7776473577,-0.36605328313
0.0,0.159915757211,3.06703920094
1.0,2.46877321985,2.1398987405
0.0,-0.623430294455,0.429407270957
1.0,1.95690139619,0.943906161681
0.0,-0.947555707636,2.59406710712
1.0,2.28896250364,0.270837801181
0.0,-1.59117642579,2.45820846156
1.0,2.47879809062,-0.271660913708
0.0,-0.241347965983,2.32954543734
1.0,0.269747529302,-2.03487563888
0.0,-0.271636310469,2.89751997346
1.0,2.4116168482,-1.68568216666
0.0,-0.664852310094,2.02153607591
1.0,2.03589399734,-0.811256334891
0.0,1.6451426676,2.16023845776
1.0,1.54849034865,0.557225784555
0.0,2.09222088849,0.233467661989
1.0,2.41193522267,0.172018686469
0.0,-0.787723710417,1.07457613859
1.0,0.441656717449,0.402827900169
0.0,-0.85909354376,0.809702855992
1.0,2.77766451409,0.711899385135
0.0,-0.15486283632,2.08567011439
1.0,3.16410652843,0.301935291947
0.0,1.25818775562,2.17095235824
1.0,2.66628071096,-1.0672610133
0.0,0.61556373048,2.22919366156
1.0,2.39378167291,-2.61124677005
0.0,0.491370160595,1.00630155092
1.0,1.14496249408,1.18969489532
0.0,0.594226201635,3.59367582356
1.0,1.10772899509,0.884072878825
0.0,-1.28841891307,1.23706084115
1.0,1.94499095542,0.226509801669
0.0,-1.38129594393,1.68932223449
1.0,2.57317905033,0.0178284813088
0.0,-1.10320228364,2.71354428798
1.0,2.94861531741,1.86487789039
0.0,-0.265907929431,2.8886672245
1.0,2.22353722708,1.16433365481
0.0,1.62566356768,1.30888242452
1.0,1.03959279833,0.0531877759569
0.0,-0.528106790481,2.45410679039
1.0,2.81427636452,0.720216600871
0.0,-0.661322554556,2.76613218471
1.0,3.22098404542,0.212528813044
0.0,-1.69308525105,4.27088583989
1.0,2.12656513832,0.265721138227
0.0,-0.328068748421,2.28597550628
1.0,1.73349732016,0.502059408822
0.0,0.350915661923,3.42263253202
1.0,2.46781409697,-0.241198451237
0.0,-0.439103022117,1.30473273208
1.0,2.69415018165,-0.728908692685
0.0,-0.601495381934,3.72616442113
1.0,3.81153687119,0.476742760484
0.0,-0.919527519684,1.57719535975
1.0,2.91306648369,-0.574081480105
0.0,-0.561563034141,1.12637288764
1.0,2.79996011803,-0.651147818814
0.0,2.68881376757,1.77059692728
1.0,3.18792627624,-0.564343507128
0.0,0.224205088493,0.848255147507
1.0,3.6459588836,1.07458040491
0.0,1.2754160719,1.3409135363
1.0,0.926938555952,1.40278815739
0.0,1.96129590122,2.79893082492
1.0,2.59809253773,1.29597047207
0.0,-0.667507476558,2.16742967836
1.0,2.1448407567,-0.69289653447
0.0,-0.368667243464,2.72735252724
1.0,2.32763521414,1.78012718287
0.0,-0.484117060232,1.51637442674
1.0,3.39196078102,1.07440168861
0.0,0.882286553222,2.20954742066
1.0,2.96404541527,0.139294315249
0.0,0.0751525494288,1.46209259579
1.0,2.65808754924,-1.06802923979
0.0,0.312868068362,2.87459854278
1.0,1.92543517875,-0.282359547955
0.0,0.28681974972,2.71359079175
1.0,3.66101307514,0.547246137274
0.0,1.54671133244,2.76683318036
1.0,1.45065245646,-0.809151067806
0.0,2.10413520336,2.63821651309
1.0,1.15526433602,0.439649272461
0.0,-1.23743345217,0.974871848676
1.0,2.18049693135,-0.00460652176368
0.0,0.182200002745,2.02603079236
1.0,1.81263007191,0.703220210501
0.0,0.320866460109,0.888439743285
1.0,2.63906847118,-0.334633129909
0.0,-1.01119364364,1.62627516512
1.0,0.290645226344,1.26379776522
0.0,-0.31160788609,2.76098986208
1.0,2.8597016484,1.22411917424
0.0,2.47069299392,3.16508516014
1.0,-0.601496805002,0.771399569905
0.0,0.813535332428,2.55048162523
1.0,2.62836945651,-2.59831870207
0.0,0.989825018746,1.42858525524
1.0,0.112875843593,1.53743548082
0.0,-0.672955904478,1.09451560597
1.0,1.27666046825,0.112106603795
0.0,0.771428878861,2.76067848205
1.0,1.59520165485,0.289483543527
0.0,-0.710815702191,3.33746803737
1.0,2.29911177125,-0.849705384238
0.0,0.485290718075,1.81420251014
1.0,2.38691625992,-0.00447371519169
0.0,-1.46758146747,-0.932779020786
1.0,2.1789564048,0.0250219955608
0.0,0.393133745469,1.70825641701
1.0,1.59168225671,-1.79719269928
0.0,-2.16645211546,2.30866657739
1.0,1.15269445774,0.631945303186
0.0,-0.566714269417,3.71392018308
1.0,3.31313357485,1.02985830404
0.0,-0.281242055313,1.27851185686
1.0,1.74181838564,0.481261909155
0.0,1.08143608896,1.96809855004
1.0,2.61991219914,-0.298428469952
0.0,-1.20890991886,3.07288479626
1.0,1.73926646131,-0.578131038682
0.0,0.788110182291,1.35269731204
1.0,1.80669985509,0.64729857159
0.0,-0.360287346599,2.89186885921
1.0,0.246946226317,-0.653159858155
0.0,-0.755982675122,2.60367156851
1.0,2.81526658944,-0.744376989507
0.0,-1.19402646975,1.92899498322
1.0,3.04752954039,0.460106816818
0.0,-0.0192180644028,1.26294578433
1.0,4.92567580566,0.327928959954
0.0,-0.591377785589,3.240402618
1.0,2.16274753869,0.995726150989
0.0,0.03655900456,2.40207650314
1.0,2.94367051759,0.77873837601
0.0,-0.162988297345,1.04779852146
1.0,-0.20972974086,0.47699586095
0.0,-0.610167607995,1.06895743991
1.0,1.32242545269,-0.315036511766
0.0,0.148304928437,2.25707802907
1.0,1.17093247335,0.687738103834
0.0,-0.192858911331,2.45128513497
1.0,2.44255446244,1.59907850226
0.0,0.851659546004,2.63850517067
1.0,2.78693221145,-0.567521856374
0.0,0.735126564226,4.2239703739
1.0,1.22577793169,1.03541229713
0.0,0.00862305784267,0.557813755553
1.0,2.86834519962,1.20293010584
0.0,1.49949274433,0.773438987281
1.0,2.79825889643,-1.14849893528
0.0,-0.0271475893986,1.46842024887
1.0,0.865443766613,-0.884327580424
0.0,0.638344262957,3.56384399295
1.0,2.68068889033,-0.577858231363
0.0,-0.00813788081765,2.58070231447
1.0,2.35656094104,0.376602032189
0.0,-0.423016422571,1.62033867724
1.0,2.68627616572,1.62620659341
0.0,-0.809832311629,4.08199984523
1.0,1.78347320373,0.348444406301
0.0,-0.533372444076,1.25656952426
1.0,0.0815107664956,0.65425637493
0.0,0.21940354372,2.48726064495
1.0,1.079081518,-1.41154641364
0.0,0.17975639955,1.63185236049
1.0,2.80405766933,0.11781688093
0.0,0.00353068178194,2.05096843216
1.0,2.92335642627,-1.23958489459
0.0,0.317519903518,2.66296009003
1.0,2.40931288581,-1.84555282015
0.0,2.29511719066,2.07588965474
1.0,2.5565250589,-1.63727016887
0.0,-0.604491082993,2.07633713062
1.0,2.69400351423,0.962925121041
0.0,0.619291168995,2.20537691985
1.0,1.99206696446,-0.403151714355
0.0,1.45019647489,1.18715582225
1.0,2.9648885846,1.54695547141
0.0,1.55299209039,2.97136892421
1.0,2.84085708074,-0.00115428921141
0.0,-0.916125041913,1.95959703439
1.0,3.48350971579,1.51200090614
0.0,-0.0754274706403,1.84172976061
1.0,2.96045622155,-0.620827422636
0.0,-1.72203843856,2.90540268589
1.0,2.34660853077,-1.13040007415
0.0,1.4054815571,1.62208844092
1.0,-0.72769605766,0.218470232384
0.0,0.00510707747473,1.98628170341
1.0,1.23680633544,-0.527192183543
0.0,-0.0605718320019,-0.230167722189
1.0,2.18121970475,0.32275772464
0.0,-0.678020363374,2.97796112323
1.0,2.97423187907,1.65802574456
0.0,-1.02675785952,0.780660511934
1.0,2.68076172233,1.11234259192
0.0,-0.964068894251,2.8087569853
1.0,1.74263785713,0.3871530399
0.0,0.675918158207,2.68077991351
1.0,2.24054932966,-0.482907681831
0.0,1.54045032704,2.51320759479
1.0,0.276218358593,-1.86099141923
0.0,-1.19992987882,2.32769873069
1.0,2.83787753982,0.979402202897
0.0,0.450266745614,1.94361845858
1.0,1.08449241397,-0.85970466445
0.0,0.966060386928,1.8235434674
1.0,1.43719934875,0.456727733174
0.0,0.214086516124,2.10640933007
1.0,0.694677417159,0.133734369949
0.0,-0.164017070935,2.82345515948
1.0,4.09137011045,-0.0758261848301
0.0,0.66095142311,2.93911914039
1.0,3.13419486867,0.411150653073
0.0,0.928949929973,0.489861455319
1.0,2.51357554433,-0.429814142461
0.0,-1.08793076797,2.39857070159
1.0,3.27844746069,-1.16811027165
0.0,0.626004088261,1.74943265919
1.0,1.48246656997,-0.411208965419
0.0,1.39641571548,1.35441331878
1.0,2.94051393837,-2.25166722197
0.0,-0.648939727843,2.79381591963
1.0,2.24234820101,-1.85413952434
0.0,-0.228887690071,0.387349027321
1.0,2.54774925524,-1.31668354096
0.0,0.459552469496,-0.0306228895327
1.0,3.25719558366,0.422082243022
0.0,-2.63667210799,3.14941497523
1.0,2.3136634298,-0.542837799471
0.0,-0.0231603493773,0.643686331726
1.0,2.88420540394,-0.208337157534
0.0,0.624815413238,0.574372946769
1.0,3.07688717882,-0.841563871947
0.0,0.713045062159,1.40729581076
1.0,3.06185415624,0.214384723406
0.0,1.07874881518,2.10763726517
1.0,1.44067510159,0.990557332691
0.0,-0.847891189018,0.952275216369
1.0,2.91777927999,-0.111003990062
0.0,0.44673545947,1.98947351507
1.0,4.23674207071,-0.464316723481
0.0,-0.286593534343,3.39724549466
1.0,1.95524343686,-2.16207176487
0.0,-2.21937827395,2.26984427741
1.0,3.59025571015,1.20088060845
0.0,-0.983391106905,1.4957194641
1.0,2.55143113487,-0.671644008219
0.0,-0.388074164281,1.78469591194
1.0,1.33664847774,0.647268854389
0.0,0.321556338214,1.5209901131
1.0,3.06610353032,-0.88244318158
0.0,-0.33210408171,2.61953390093
1.0,2.70856134223,-0.230873378667
0.0,-0.629794044172,2.53414696422
1.0,3.84689496408,1.61410675632
0.0,0.600768539915,2.95243344756
1.0,1.87698749207,1.37422876072
0.0,0.477089478841,0.853812603019
1.0,2.55673209473,-0.0969838535082
0.0,-2.19518802634,1.81908570691
1.0,1.9250443735,-0.583981919819
0.0,-1.99357599862,1.10410149948
1.0,2.8576337648,-0.35688554927
0.0,-0.380067421798,2.02715325949
1.0,1.77562205093,-0.394283518622
0.0,1.23872574289,2.49743782883
1.0,2.74914606035,-0.72047900465
0.0,-1.76525407297,2.76639617396
1.0,2.88881913497,-1.21527973293
0.0,0.622641583975,2.16184683395
1.0,1.87025769486,1.23560723493
0.0,0.42206727003,2.62598749307
1.0,-0.409061363633,0.944131737408
0.0,-0.142663620823,2.85347891218
1.0,2.57003299927,0.30088104312
0.0,0.0779620822693,0.954651429141
1.0,2.55492471016,0.0393811819172
0.0,0.117455407857,2.30986728606
1.0,2.74529514436,-0.425060684686
0.0,-0.0271044105067,2.70596376573
1.0,0.16395747753,-0.516126090246
0.0,-1.41531095546,2.63324617842
1.0,2.41216128491,0.693312028341
0.0,0.426211763134,2.59849628732
1.0,2.82067099442,-0.223697795895
0.0,0.570936147383,3.28217651706
1.0,3.68598273667,-1.0804781383
0.0,-1.73501120224,1.3819982316
1.0,0.908929174703,-1.68390264298
0.0,0.39464821848,3.17747670803
1.0,4.20699396179,0.435341247187
0.0,0.503071173534,1.66144631559
1.0,1.43719093698,0.867866841494
0.0,0.0139404387285,2.31310268847
1.0,2.34668685241,0.738684068766
0.0,0.459694081102,0.226236860247
1.0,2.50559286684,0.45440795494
0.0,0.252150113152,2.71445487339
1.0,1.53757212123,0.0276545201145
0.0,0.68202234402,0.185747911261
1.0,2.21684038396,0.517639149102
0.0,0.565735292361,1.90339680422
1.0,1.53243326179,0.355572165252
0.0,0.137164746535,2.40579835857
1.0,2.97642217482,1.08289187362
0.0,-0.838078666165,2.64180293746
1.0,2.10110071464,-2.5299175303
0.0,0.200045035921,2.30761629794
1.0,2.08430687853,0.229981778816
0.0,0.838909019249,1.75145298218
1.0,0.0252884692361,-0.723917936097
0.0,-1.07483391246,3.40582207245
1.0,1.9650488364,0.306694683683
0.0,-0.0107934031358,2.17147480416
1.0,2.21649749201,-0.932851649735
0.0,-0.0301023117929,0.379843491301
1.0,0.836585255498,0.0859055306486
0.0,-0.00782146260776,2.19642193478
1.0,1.32100095396,0.168222004588
0.0,-0.40024760018,2.85819001463
1.0,2.06596681041,-0.967038454832
0.0,1.12090109714,1.7177039638
1.0,1.01512725694,0.315020054648
0.0,0.942738004037,4.76238797585
1.0,3.1068074009,0.803080107169
0.0,0.496171678247,0.193897421656
1.0,1.60527687158,0.827792699717
0.0,0.966680054795,2.28960041023
1.0,2.04087505809,-1.05063404544
0.0,0.584201161185,1.37950338104
1.0,0.632735237842,1.90595264907
0.0,-0.0988800005962,2.42112244179
1.0,1.99747753346,0.702346598933
0.0,-2.04820363877,-0.0570499000158
1.0,2.76219522549,1.21231389135
0.0,-0.486856655562,4.30316161677
1.0,1.88951714647,0.166197539754
0.0,0.231985430181,2.23166202628
1.0,0.762316778359,-1.224601279
0.0,0.0316336964382,2.85370053554
1.0,1.26294737172,-0.625248480804
0.0,-2.15629463848,1.32907965947
1.0,3.64958493508,-0.832927777223
0.0,0.792080117557,0.877001739914
1.0,1.78495414386,-0.269891968826
0.0,-0.321517229212,2.19593903268
1.0,0.220898370602,-0.0607682997183
0.0,-1.46226356953,0.657640892283
1.0,2.50811605276,-1.24057697987
0.0,-0.650308972534,2.68314435557
1.0,2.08760438734,-1.02962795204
0.0,0.717306798425,3.90706227621
1.0,1.05744388405,-0.271288259775
0.0,-0.310795300221,0.994841536377
1.0,3.27724591526,1.19607072479
0.0,-1.20158594612,1.50030372844
1.0,2.48921138736,-1.34604448454
0.0,1.38583515781,2.31992764531
1.0,2.94372516484,0.0628061287042
0.0,-0.466188657363,0.962731517178
1.0,2.00359503169,0.767654078465
0.0,1.21545075471,0.803550518075
1.0,2.37918769921,1.17801250764
0.0,-0.194911406847,1.61655641012
1.0,3.25273442753,0.305276859168
0.0,1.03514972329,2.1267783677
1.0,0.901275179219,1.06534239561
0.0,-1.69181984713,1.02543891258
1.0,2.41247353949,-1.47350539623
0.0,0.601727945323,1.57573003819
1.0,2.15520944868,0.993395174826
0.0,0.88964809389,2.8544683878
1.0,2.707314789,0.626515071127
0.0,-1.46375872965,1.0787157377
1.0,1.69030028207,-0.300993352364
0.0,0.976133675686,1.6539956383
1.0,2.10802247494,-0.173039535038
0.0,-0.530494606137,1.5074640248
1.0,2.4067255159,1.4629142124
0.0,-0.092259200739,1.55493116615
1.0,2.19245317174,0.964106503938
0.0,-0.662480217983,2.27429777948
1.0,1.06787341324,0.0176135339736
0.0,1.00673183557,3.2599211052
1.0,1.2710936538,0.0911632075477
0.0,-1.20692071242,2.74259919934
1.0,3.16834413465,0.909804597145
0.0,1.43889734083,0.722557908988
1.0,1.61429321883,2.3451059839
0.0,-0.759451373807,1.08396114255
1.0,0.921656255864,-0.31071628817
0.0,0.729164535181,3.01407656145
1.0,1.5955040894,-0.605694515034
0.0,-0.316023237316,2.89719358213
1.0,2.77045159187,-0.304461260459
0.0,0.806735676257,1.50543917251
1.0,2.54687672766,-0.894652826636
0.0,1.11023372269,2.23166698935
1.0,0.9586079588,-0.706436906781
0.0,0.287316424512,2.60364711697
1.0,-0.682980226922,0.597253596215
0.0,0.752502373096,1.96477590509
1.0,2.0762938458,0.491914681068
0.0,-0.418443144023,1.26022418083
1.0,2.08878551798,-1.64518111047
0.0,0.408441981648,2.31837026818
1.0,1.43776838699,-0.948639462987
0.0,0.427172270484,1.99601068278
1.0,2.53826773671,1.65203647614
0.0,-0.606956348861,1.0653955708
1.0,1.86900679656,-0.028644010025
0.0,0.0909578704308,2.60201353022
1.0,1.15700111301,0.194460544962
0.0,-0.19386790023,0.889379532856
1.0,1.41952991424,-0.173124697835
0.0,-0.498967138207,2.95574938652
1.0,3.77317822458,0.40063617496
0.0,-0.466205375656,1.34505017312
1.0,0.812696717095,-1.43865183324
0.0,2.22222977918,2.23149737018
1.0,1.89334883603,0.949474196173
0.0,-1.04848337688,2.09584085887
1.0,1.59304877705,-1.36169112709
0.0,0.473222230538,2.8214018202
1.0,0.721799671782,-0.535854591231
0.0,-0.479102553137,1.99285579551
1.0,2.69306012051,1.56758230533
0.0,0.0067430231211,0.912420615158
1.0,0.766382093158,-1.070393264
0.0,0.403848203188,1.33029336591
1.0,1.87846101871,-0.109358717661
0.0,-0.323231569332,3.04197995025
1.0,3.29128257256,1.07175870738
0.0,0.379382303139,2.34685297093
1.0,1.60053428786,1.55468485751
0.0,-0.783940794088,1.81112080782
1.0,1.04476008546,0.0756767049854
0.0,-1.43032110237,3.22156286478
1.0,1.67052842576,0.0660295099019
0.0,-1.51416077563,1.88439662293
1.0,0.189584186216,-1.28148630755
0.0,-0.306531455402,1.49978878147
1.0,0.695434526251,0.238573609903
0.0,-0.448166532197,1.02511316093
1.0,0.00290383274064,-0.290751084486
0.0,1.47418570902,1.59340471608
1.0,2.84206202118,1.12506772792
0.0,0.109397546878,2.82987828034
1.0,3.69671623492,0.0396049141899
0.0,0.143800105236,2.61237385881
1.0,1.20652404875,0.57089669805
0.0,-1.08730758724,1.81702082035
1.0,2.130419648,-0.342372168049
0.0,-0.862249110479,2.22141970402
1.0,0.999288397882,-2.21404684778
0.0,-1.23719548915,0.697359834524
1.0,0.765567898283,0.157680828878
0.0,-0.262072655861,1.861498052
1.0,3.04772595309,-0.42902904931
0.0,-1.68758749414,1.00054482142
1.0,1.80255508983,-1.28479884825
0.0,1.47965088164,1.33081997014
1.0,0.51916779866,0.767913090862
0.0,-1.10946900323,0.761349586483
1.0,3.54859891432,1.38071313325
0.0,-0.304844794576,1.43730691169
1.0,1.53665242395,1.26804612981
0.0,-2.57345082923,0.811532179743
1.0,0.585812075827,-0.602452931056
0.0,-0.575990215671,5.15197400489
1.0,1.49917322561,0.656996493747
0.0,0.549863595451,2.39108530174
1.0,1.63065854357,-1.18722488155
0.0,1.21487691325,3.39402104011
1.0,0.677072391389,-0.871498565828
0.0,3.04093092335,1.48758437313
1.0,4.08018117386,0.594175384247
0.0,-1.17121836851,0.716206145261
1.0,2.14828635545,0.215484752264
0.0,0.147401159766,3.08066997641
1.0,0.714360756656,1.45301208647
0.0,0.0381504660789,1.33400779515
1.0,1.97388922717,-2.33660253449
0.0,-0.993396522349,1.93358412389
1.0,2.64292123178,-0.00671660985447
0.0,0.24590044671,3.19838291773
1.0,2.53570681409,0.0273556170514
0.0,2.25969751759,2.0496022143
1.0,1.21467661561,0.53919098141
0.0,-0.773910368787,2.36243782502
1.0,2.05164320551,-0.0177721376486
0.0,-0.0198186125009,2.36698905939
1.0,2.00754550439,2.15175182888
0.0,-1.27108946767,0.529874773551
1.0,-0.0247595343063,0.438490244318
0.0,-0.474858210545,2.69641346253
1.0,2.17285894669,1.16540379174
0.0,1.20197309436,3.10917926062
1.0,0.966290559622,-0.0130277199303
0.0,2.77457007742,1.44489442143
1.0,3.9205998616,0.514683345309
0.0,-1.18074600543,3.0075305373
1.0,2.83253723548,-0.18134241154
0.0,-0.0590222132158,1.57891345132
1.0,3.26168801572,-0.260939120219
0.0,0.155811608209,1.68193831767
1.0,1.11655516596,-0.517696921012
0.0,-1.94348331559,1.17395898584
1.0,2.79860316556,-0.0882201643726
0.0,0.707355060091,0.250117230171
1.0,3.2418294671,-0.400717626689
0.0,0.74728663002,3.80243203654
1.0,0.913835236631,-0.541228165058
0.0,-0.528995007426,2.8153766525
1.0,0.761531724372,-0.0773944629795
0.0,0.411688577435,2.59886681924
1.0,1.56019033542,1.14815394427
0.0,-0.321991604253,1.61834876547
1.0,2.75797865607,0.563953499138
0.0,-1.62746919526,1.39232381961
1.0,1.57356640701,-2.01160215447
0.0,0.320669170838,2.45167911142
1.0,1.84393418985,1.16094794954
0.0,-0.718603628555,0.412358985298
1.0,3.42755660048,-1.46229191075
0.0,0.740145565833,2.65196945465
1.0,1.9141206369,0.114764440633
0.0,-0.189982997292,3.52560932823
1.0,1.09299924422,-0.383855357454
0.0,-0.00416820959935,3.07958711335
1.0,1.67923513078,-1.28132103814
0.0,1.09435305548,3.05071659416
1.0,1.82906157144,-0.264312476094
0.0,-2.15736672866,1.03494267861
1.0,2.49637266459,-1.97829455031
0.0,0.475947752035,1.44916235651
1.0,3.85090417093,0.387113179402
0.0,1.60447124219,2.06711990363
1.0,2.22520997199,2.1883293175
0.0,-1.31484495312,2.34598214384
1.0,2.52969792119,-0.165849686764
0.0,0.387573774739,2.52722428864
1.0,1.48001661385,-0.53147498956
0.0,-0.249014668106,1.57764663959
1.0,3.44594768975,-0.875292573022
0.0,-0.213364239149,3.18168493449
1.0,2.62782445472,0.431754731365
0.0,0.603383688905,0.992757469263
1.0,2.27359837621,0.4314623936
0.0,0.838726221141,1.59275593172
1.0,3.35028903839,2.1615828155
0.0,2.12628025424,1.48976649232
1.0,2.93531706255,-0.341434123589
0.0,0.232717986097,1.74578410835
1.0,0.518192998857,2.20347529643
0.0,-0.78780051689,2.05819687554
1.0,2.69919882251,-0.000821622516704
0.0,1.05431215503,2.97804666414
1.0,2.65335261599,-0.229474083023
0.0,-0.283077726651,3.03249759151
1.0,2.63936479149,-1.14752548031
0.0,0.0180181324333,2.87081536651
1.0,2.84015617142,0.438769265232
0.0,1.43718302832,0.482458050931
1.0,1.42432028164,-0.0281965554896
0.0,0.15751450933,2.25858205124
1.0,2.32750341167,0.656128227628
0.0,0.111361089469,1.80746165537
1.0,3.20408682117,-1.94248661348
0.0,-0.683013355673,1.90878172611
1.0,1.19988861531,0.0371615919587
0.0,-0.112122816725,0.136499402799
1.0,1.74357053569,-0.637522014748
0.0,0.938805588986,1.9285702353
1.0,1.3913028845,0.473138461159
0.0,0.205334914026,2.13034647181
1.0,2.76768028723,-1.0103163792
0.0,1.76867288844,1.22012493292
1.0,1.73972373628,0.450001414626
0.0,1.30346283511,1.93742273562
1.0,1.4048903569,-0.611785902766
0.0,0.305902390786,1.86230045553
1.0,0.540723545111,0.408842966706
0.0,-0.76055891606,1.18852446322
1.0,3.06730013223,1.1599317178
0.0,-1.84387325529,2.46137576423
1.0,0.639832357404,-0.700009495022
0.0,-1.00506418212,2.44760850924
1.0,2.42314209462,-2.16811108725
0.0,-0.53283801445,1.79572902249
1.0,1.90460850902,-0.190420572222
0.0,-0.0202429227223,1.0010612998
1.0,2.02831651101,-0.950771972559
0.0,0.341103511874,1.76688274562
1.0,2.39475992312,-0.801632601704
0.0,0.230452697826,4.12060237459
1.0,2.08004244512,-0.16546124883
0.0,-0.863392742243,3.11121092235
1.0,2.94799323063,-0.9721258816
0.0,0.150109035942,2.98375287706
1.0,2.20249604031,-0.863353664489
0.0,0.890634159448,2.38041758605
1.0,2.27426631398,-0.665717642481
0.0,1.14947516638,2.34024452503
1.0,1.88426707076,-0.295820585312
0.0,0.320374945039,1.50710268017
1.0,2.46079448426,-0.470339784789
0.0,-1.60565819108,1.92715013402
1.0,1.66856266036,0.315216013713
0.0,0.124585398354,1.54348306997
1.0,3.528509183,-0.263654169258
0.0,-0.608986991923,1.18645212688
1.0,1.98741970088,1.01128851324
0.0,1.52842862881,2.54906759157
1.0,0.77074552848,-2.19649044584
0.0,-0.33718303598,2.94953646346
1.0,1.46302538645,0.735534224332
0.0,-0.249010800511,0.941881163289
1.0,1.95717999237,1.04091555519
0.0,1.3633462416,1.05500315619
1.0,1.14608002039,2.20667416036
0.0,0.713399777205,2.54592871137
1.0,1.88695387483,-0.103050229063
0.0,0.0843606648202,0.583176366307
1.0,3.31375401839,1.43047375017
0.0,1.13392016266,0.988946623132
1.0,-0.552450328201,0.00773052434494
0.0,-0.260740792064,2.18883253133
1.0,2.69755883671,-2.46630438678
0.0,1.17009710706,1.54630669925
1.0,2.58513340934,1.18549447569
0.0,-0.667187085135,0.710587155408
1.0,1.11210177086,0.176953869223
0.0,-0.588838702194,2.16249422234
1.0,1.92899733708,1.4185915664
0.0,1.17658838436,0.792123327171
1.0,3.792801485,-0.502940513692
0.0,0.192743626629,2.10686239284
1.0,1.31073966047,1.19217733771
0.0,-1.28190489052,1.0936793676
1.0,1.23959161181,-0.366134868175
0.0,0.0322687734562,2.77617279114
1.0,0.720386844861,0.956535295907
0.0,0.896672734718,2.54855782887
1.0,2.87741262578,-1.43862875401
0.0,-1.16146528912,3.03528959979
1.0,1.69103517495,1.76977998724
0.0,-0.642224635445,1.43648508155
1.0,2.48613898986,1.31168563846
0.0,1.04933047938,1.64240582997
1.0,1.67516251784,-0.529486228379
0.0,-0.419937991851,1.45152226527
1.0,1.718953079,0.898210334347
0.0,-0.767967988945,1.22557595285
1.0,0.727299061702,-1.33600137771
0.0,-0.158507303039,2.1104908588
1.0,1.34727703956,0.489506140706
0.0,1.52786432062,0.423394882728
1.0,2.93704156457,-0.125066451321
0.0,-1.26363011723,1.15212627536
1.0,3.23635108585,-1.44669930896
0.0,-1.29325598057,2.25404555177
1.0,2.89337725688,0.661454634075
0.0,-0.680342192131,2.20357270702
1.0,1.77937945105,0.597661636943
0.0,-0.776359838491,2.66353896889
1.0,2.80078714857,-1.12204692049
0.0,-1.05805712042,1.13170645705
1.0,0.914837699655,-0.29915618213
0.0,0.874077490387,2.70658556642
1.0,1.18580855008,1.11144901391
0.0,-0.0868776273946,3.24040986603
1.0,0.650168989922,-0.251501481875
0.0,-1.27361088092,2.85533197077
1.0,2.1712348675,0.122463069185
0.0,0.522037201118,0.446986125324
1.0,2.86736151337,-0.202029634943
0.0,0.706329325636,1.20091196282
1.0,2.43064025587,-0.602360672324
0.0,-0.391040816459,1.97868979676
1.0,2.27761376277,-0.661372711329
0.0,1.24875612633,1.91215680594
1.0,1.20571850631,-0.882373135879
0.0,1.78764954494,-0.152254318905
1.0,-0.152765551299,0.815514587907
0.0,-0.330139380408,2.27216592381
1.0,2.96482473772,0.0248482791355
0.0,-0.0403995812133,0.704831339688
1.0,3.63430807897,0.231272977399
0.0,-0.864660712392,1.73822205387
1.0,2.23581159877,1.97493563256
0.0,-0.257374126394,2.10359433754
1.0,3.60552343642,0.174001680502
0.0,-0.470067575301,2.14769074706
1.0,1.31716177847,1.12529367707
0.0,1.18409010462,2.69040738326
1.0,1.96283225723,0.294953413824
0.0,0.24525294286,3.14022022522
1.0,2.11959219183,-2.12147931064
0.0,-0.519644660775,3.61550987222
1.0,0.291427366657,-0.127396231896
0.0,-1.16268002892,1.32158267405
1.0,0.492679179483,-1.82599128681
0.0,-2.04228576699,2.47016535431
1.0,2.95657066335,0.855702074883
0.0,-1.04730166652,0.768080133456
1.0,3.22530439613,-0.822733994243
0.0,-0.503987748365,1.31292521809
1.0,3.37682300106,-0.288593628253
0.0,0.0765632301316,2.65401131473
1.0,1.85460013003,-0.885744592502
0.0,1.15118262788,2.10581377089
1.0,2.33755190138,-0.173758764987
0.0,0.314626041106,1.13635954857
1.0,0.72188559761,0.510817538003
0.0,-2.88600446734,2.12334457433
1.0,0.592195180145,0.69157698739
0.0,-0.343295030662,2.08807349409
1.0,1.4361261062,0.0763709613791
0.0,0.523569772682,2.8448324757
1.0,2.008595349,-1.16713752599
0.0,-1.49137558707,0.333403166951
1.0,2.61873027657,-0.212417674296
0.0,0.207974613172,1.93950229699
1.0,-0.0933181780316,-0.567828809498
0.0,-0.53431050657,2.54459630236
1.0,2.04685979193,-0.664867357146
0.0,1.66650952371,3.49994847242
1.0,0.600901712273,-0.0634859419272
0.0,0.119561468049,1.3339685815
1.0,3.56984502739,0.826542719685
0.0,0.97028421847,2.54427486366
1.0,3.30919739246,0.193507757762
0.0,0.0281720489479,2.09159215266
1.0,3.92000696756,0.0781227249886
0.0,-0.934187492685,1.4010903778
1.0,1.92220855837,0.302268093717
0.0,-0.895500945062,2.18862123571
1.0,2.46103391393,-0.484437851224
0.0,-0.675413887121,1.76034455592
1.0,0.139202918001,0.275377508702
0.0,-1.28943537075,2.85539359703
1.0,2.69340777577,-0.493060542752
0.0,-1.31456115987,2.76677595295
1.0,0.395898270429,0.732493083186
0.0,0.742944249692,2.34448975762
1.0,0.0117651249745,-0.014334497692
0.0,-0.715917643825,-0.203051178721
1.0,3.19044911062,-0.65125950351
0.0,-0.821621093201,3.900507677
1.0,1.4724699193,-0.996884285765
0.0,-0.998973604794,2.71657625743
1.0,1.54240392665,-1.61112087377
0.0,0.994838705805,1.8265019831
1.0,0.968694478629,0.620656488603
0.0,-1.53700362085,1.37668676638
1.0,1.87284440668,-0.19709815072
0.0,-1.66951871065,2.58252086662
1.0,1.41796268155,-1.16165549421
0.0,0.832378568,1.96644018946
1.0,1.7729054136,0.878253385885
0.0,-0.286728043973,2.33771114311
1.0,2.91878042225,1.56581566612
0.0,0.532772525789,0.907646436873
1.0,1.0463324087,1.55278742588
0.0,-0.148843088677,2.74101150019
1.0,1.61984020387,0.334756552803
0.0,1.31072244103,2.31759672968
1.0,2.13556090586,1.9081501096
0.0,0.0255023798732,2.48351528236
1.0,1.61159801419,0.351981838371
0.0,0.39326340199,2.19643081308
1.0,1.10695612566,0.859878519198
0.0,-0.805748006481,1.69652811545
1.0,0.964712956907,0.427765990766
0.0,1.33562300759,3.9760280977
1.0,0.771788186601,0.594269046068
0.0,1.3242878684,2.99312898056
1.0,1.62180310459,0.650144608352
0.0,1.26504924771,1.42376963567
1.0,2.65321862305,0.395092461635
0.0,0.416981035197,2.86906874257
1.0,1.2339500244,0.780241063407
0.0,-0.280842158031,1.4908035116
1.0,0.474153883371,-0.612561282165
0.0,0.830703364732,3.83462976032
1.0,1.15674972544,-0.705763107466
0.0,1.65265142531,2.2155344675
1.0,1.92469779245,-0.286949190016
0.0,0.180799080285,2.70991321803
1.0,3.4862912082,0.810705216021
0.0,0.294518670312,1.95522761914
1.0,1.23100293954,0.31961850847
0.0,0.366377075614,1.91414616981
1.0,2.50117039242,-1.17769560167
0.0,-1.77678330837,3.57231317325
1.0,1.9340303114,-0.0331577087206
0.0,-1.0634613604,2.50999627812
1.0,3.53710254214,-1.65207897081
0.0,-1.43408814673,2.96892334394
1.0,0.82124612492,0.729161853222
0.0,-0.539210196839,2.58838334811
1.0,2.0712365923,-0.00863846278557
0.0,-0.61712228898,2.6226583403
1.0,1.95658202,1.23519430981
0.0,-0.180405495886,2.9422128611
1.0,2.87351163402,0.685936253392
0.0,2.03288119478,1.39731430081
1.0,2.96868749998,-1.34808660993
0.0,1.17661902415,1.41659546969
1.0,2.1946413029,-1.13216603495
0.0,-0.0270449267964,1.26879434362
1.0,4.30692338686,-0.451797669488
0.0,2.52351413952,2.46411611648
1.0,0.430929973907,0.892938800699
0.0,1.16203849785,-0.181526891583
1.0,1.3958464374,-0.280438015002
0.0,0.157487752348,2.05502769311
1.0,1.49034551711,-0.666643475039
0.0,-0.85839476368,3.43852353001
1.0,1.25159624457,1.86347969293
0.0,0.633423655484,3.86377719073
1.0,1.46749577201,0.0429112976996
0.0,-1.25373384888,1.3295051907
1.0,1.05334089685,-0.885246392714
0.0,-0.155616544796,1.94159502069
1.0,2.8331806253,1.44150443715
0.0,2.42546789682,3.16241371218
1.0,2.4647825356,0.40195966918
0.0,0.206016165051,2.95333061184
1.0,3.58567360078,-1.27937467205
0.0,0.605167397496,1.43823543445
1.0,1.21686296408,2.76146737668
0.0,-0.479573562025,3.73904878521
1.0,0.857888012963,2.25024242204
0.0,-2.31368015395,2.66819195495
1.0,2.5069999688,1.75264843736
0.0,0.256481957053,3.21398054445
1.0,2.33523586902,-0.975406534634
0.0,0.604790722516,2.07954141909
1.0,1.57843807015,-2.18377637589
0.0,0.436309163782,1.08742901908
1.0,2.18931786329,0.443075606541
0.0,0.252060580265,3.35154441583
1.0,4.3085630012,0.0457895790632
0.0,-0.512482705987,0.83603036371
1.0,2.37906184659,0.727101816268
0.0,-1.39537440271,1.99014459985
1.0,2.13424788053,1.82983499041
0.0,0.956544429563,1.26449294055
1.0,-0.138693026746,0.903434928748
0.0,-1.46643392419,2.86809796866
1.0,2.25041259221,2.25802951467
0.0,-0.302065820953,2.33354126992
1.0,2.72780032514,-0.390155492369
0.0,0.527572921506,0.831676788855
1.0,2.55050789328,-1.82760811318
0.0,-0.199206527157,0.913110523523
1.0,1.68662971501,1.27931079497
0.0,1.37442473301,1.74742695307
1.0,2.90154624292,-0.744618458186
0.0,-0.00603670212486,1.27639523408
1.0,1.80262784568,0.780537967516
0.0,0.43067135182,2.79470357137
1.0,1.5038470839,0.451658619772
0.0,-0.837216031104,2.59424578802
1.0,3.19990811288,-0.721946418712
0.0,0.226751957046,1.48009127652
1.0,1.84070010337,1.12497162904
0.0,0.530329902574,3.4653762437
1.0,1.7240753337,-0.671286692143
0.0,-0.912081940365,1.6768963841
1.0,2.61486590509,1.14834815093
0.0,-0.24668243499,1.65197643256
1.0,0.108705029676,1.9922238724
0.0,-1.24128465665,1.52440364959
1.0,0.86026194222,0.483086211838
0.0,-1.07356690234,3.5158435103
1.0,2.01339683373,0.606484294289
0.0,0.249071830162,2.22905595777
1.0,2.27849804312,-0.113149732491
0.0,-0.759360276108,1.81025012306
1.0,0.596846313684,1.27245781576
0.0,-1.57657564171,1.82021855114
1.0,2.03151257454,0.494161813482
0.0,0.141993119763,1.64251907754
1.0,1.02406411227,1.00697146029
0.0,-1.01193616407,2.24627512486
1.0,1.99687537068,-1.01852877172
0.0,-0.415868418701,0.763325898687
1.0,2.6520380592,0.658369812683
0.0,0.0144519690723,2.71933517039
1.0,1.15293815897,-1.10539590637
0.0,-2.70504344041,3.39401403265
1.0,1.18449325036,0.143030291658
0.0,2.64536833092,1.914107268
1.0,2.48945282972,-0.885357247522
0.0,-0.673748953388,3.85678818641
1.0,2.7168545825,-0.046273782616
0.0,0.136812134596,0.433796279549
1.0,2.15597760832,-0.701575004169
0.0,-0.0327948276832,0.568631715987
1.0,2.93205305549,0.441438333032
0.0,2.4834416062,0.403828048385
1.0,2.23517412483,2.43017267276
0.0,1.64827585002,1.97245235492
1.0,0.509076178251,-0.412349254988
0.0,0.944450951274,1.70917431591
1.0,1.40321283345,1.87496631857
0.0,1.01344494438,2.97074376964
1.0,3.01780840007,-0.737891966083
0.0,-0.611935749638,0.728851645504
1.0,1.87970221251,0.495244565186
0.0,0.0579104320351,0.945111389284
1.0,2.86141454424,-0.192217970524
0.0,1.11467290845,1.36611621132
1.0,2.60954322107,0.985565056151
0.0,0.963900260862,2.9182725042
1.0,2.81170594555,0.9710376426
0.0,-0.533130313063,3.42375266814
1.0,3.64576344899,-0.833917635154
0.0,2.19524676248,1.19774402052
1.0,0.981892260196,-0.746521130024
0.0,1.21323284667,1.71154732609
1.0,2.11357880024,-0.980734500701
0.0,-1.66248161892,0.485356956428
1.0,1.18670724241,0.308680302722
0.0,0.58257876795,2.17209358234
1.0,0.763574002382,-1.22287620251
0.0,0.795482429459,3.13001362683
1.0,1.52355122361,0.912007260298
0.0,-1.29912171002,1.90773166243
1.0,1.80799215541,-1.38591793415
0.0,0.0299635401154,2.3771594814
1.0,1.72220468542,1.40753518046
0.0,0.50565207509,2.37744399422
1.0,1.61318617264,-0.68842613286
0.0,0.588330926656,3.09601870971
1.0,-0.172646133696,0.0296277828711
0.0,0.227785909636,2.18746189416
1.0,2.84540193345,-1.3490755142
0.0,0.395661820395,0.419088782751
1.0,0.707579884526,-0.0439777245839
0.0,0.0112100810882,0.968024206249
1.0,1.20359053759,-1.45654878223
0.0,-0.710418884791,2.48893384535
1.0,3.28030594245,0.798542380946
0.0,-0.621235191408,2.85002603212
1.0,1.08023059815,0.728952575546
0.0,0.562802318989,3.17631476919
1.0,1.69256691612,-0.252703452781
0.0,0.979134579176,2.02894342048
1.0,2.25760891307,-0.729912078729
0.0,0.522668720778,2.3914527684
1.0,2.34318638784,-1.08263529084
0.0,0.469080124012,2.4698876158
1.0,1.79178947639,-0.0896649505318
0.0,0.419673179687,2.13198646439
1.0,2.29025617327,0.804625595177
0.0,0.71214783866,4.75218348975
1.0,3.12221357671,1.57128606216
0.0,-0.361732370032,-0.118463091771
1.0,1.57305416667,0.430534158068
0.0,-1.13671490858,0.821346760696
1.0,0.411696073803,-0.120326706348
0.0,1.28702004443,3.29192987816
1.0,2.07547247902,-0.210820382057
0.0,0.556001329582,2.56091190054
1.0,2.33124229485,-0.764298840693
0.0,0.740496338441,0.924092652903
1.0,3.84160773364,-0.74327271163
0.0,-1.15804308485,1.23120053454
1.0,0.445478165091,0.587198593559
0.0,1.63632254861,1.95123174176
1.0,0.594845475454,-0.833836121333
0.0,-0.629934616536,2.02856674125
1.0,1.06969339296,0.046629848535
0.0,-0.902320594773,0.916245894309
1.0,3.69421031492,0.524976336206
0.0,0.0511946936791,2.63093246218
1.0,3.71520206794,-1.06573392805
0.0,-0.486035656336,1.32931681833
1.0,2.53816770402,-1.02853645959
0.0,-0.316777624426,0.940497741538
1.0,1.5766106503,0.815260547239
0.0,0.569161027511,3.52725248686
1.0,2.45046790923,-0.0376153313909
0.0,0.679096173766,2.45971617205
1.0,2.81295884908,-1.05546925356
0.0,0.045508548911,2.48999634106
1.0,2.06476501439,0.533921368562
0.0,0.0976349298097,2.63238871
1.0,2.22935847193,0.830208653633
0.0,0.988898976392,1.64064408158
1.0,0.819870760037,-0.0272695255678
0.0,-0.406368619226,2.81172546908
1.0,1.91728034238,0.261143381956
0.0,-0.978394369163,0.801468736553
1.0,2.60664645297,1.21271231282
0.0,-0.0786373162843,0.834356521517
1.0,2.28640380536,-1.77408919977
0.0,-1.24031080181,2.32362812358
1.0,2.18291435831,0.867767010361
0.0,1.40725955286,1.78467260273
1.0,1.71450411885,0.543172901162
0.0,0.952371270759,2.82248704343
1.0,2.42834103694,-0.46813724409
0.0,0.978553448202,1.50721625032
1.0,3.02284277866,1.09257076678
0.0,-0.796387370716,2.98870565373
1.0,2.18526256171,-1.60566657467
0.0,0.0499471041231,4.27461549338
1.0,0.800731703843,-0.509121331156
0.0,1.40995479814,-1.14194054651
1.0,3.50097082103,0.368601081639
0.0,-0.254396279496,2.99995467556
1.0,1.29443905197,-0.840980461576
0.0,-1.75651757562,1.85736868624
1.0,1.78187875676,0.423879276788
0.0,0.179339237985,2.60667044602
1.0,1.84025054065,-0.28179090812
0.0,-0.132523699516,0.54834815204
1.0,4.42110689624,-1.00224258733
0.0,1.91080216335,0.614791149195
1.0,2.16394382546,-0.789462540703
0.0,-0.487852600372,1.88653718176
1.0,1.93645817299,-1.01171541143
0.0,-0.527947181156,2.66797647649
1.0,3.00521011997,-0.417438274098
0.0,0.402519349079,1.39593329527
1.0,3.41539070869,0.0299350404661
0.0,-0.278474230546,2.56022486231
1.0,1.69260843444,0.578283868182
0.0,-1.18089199978,2.84869920168
1.0,0.578907827887,-0.21614659969
0.0,2.06721731298,2.74681274502
1.0,2.16696391064,-0.797878108614
0.0,-0.773124759087,0.768600989338
1.0,1.8738205691,0.645431754798
0.0,-1.08697642077,3.84292169974
1.0,2.38894574894,0.943318984016
0.0,-0.398662773041,3.2875228431
1.0,1.54721578031,0.589833716285
0.0,-0.456423658699,1.31253129927
1.0,1.18257716756,0.708634398252
0.0,-1.11141219129,2.29305578276
1.0,2.622317288,1.58130481344
0.0,0.28515363564,1.1546954199
1.0,1.54614414793,1.21213423855
0.0,0.117919723334,4.1860791314
1.0,1.58422694468,-0.326828942314
0.0,0.256410597845,2.79899774044
1.0,-0.746727538447,0.35628633304
0.0,-0.0406475961461,1.23134660641
1.0,2.42624805761,-0.913484142484
0.0,0.239629051922,1.42805551868
1.0,0.812698841678,0.426825308356
0.0,-1.15378198384,2.56539588218
1.0,1.83646181824,-0.810164067189
0.0,0.34906604903,0.938897221504
1.0,2.3085368304,-1.56841008354
0.0,1.47124557123,2.43734785626
1.0,2.33483987511,0.273612897053
0.0,0.652137815501,1.9227395045
1.0,3.40804411658,-1.62456763653
0.0,0.352831103886,0.657113436031
1.0,2.57160102006,1.22655128488
0.0,0.0470812414949,4.43809593088
1.0,1.74645538271,-0.916590334353
0.0,-0.640615805779,3.61668878324
1.0,1.50281447241,0.100939643762
0.0,-1.14808699856,2.88781325506
1.0,1.67340039479,0.549988664646
0.0,-0.708168444382,1.14454082444
1.0,1.42716433341,0.483098474643
0.0,-0.105964960417,2.29824488119
1.0,2.40138792158,-0.769590364345
0.0,0.315515962561,1.77499964549
1.0,0.955603149556,-0.413824978119
0.0,-0.279845386124,0.0289132946613
1.0,1.62589012687,-0.412947668263
0.0,0.698027077579,2.34146842473
1.0,2.2782202656,0.751636461094
0.0,0.671008771119,2.7072466275
1.0,3.88084330099,-1.82571063697
0.0,-0.704948712903,0.903004328659
1.0,2.63278003716,1.44961060443
0.0,-0.803317887834,-0.430821104256
1.0,2.75938386651,0.167864414496
0.0,0.0116484854056,0.795823327858
1.0,2.28141931392,-1.32616184226
0.0,0.529481187762,1.07367642229
1.0,3.76298479184,-0.770263021925
0.0,0.46263336572,3.66240942578
1.0,1.54284874101,1.68214405522
0.0,0.292989017126,1.49547943156
1.0,0.999720242926,0.211283618817
0.0,-0.524513471786,3.91243602189
1.0,2.27365078323,0.626792202372
0.0,1.03992430504,0.909291537662
1.0,1.59854892367,-0.833984483136
0.0,0.233026192497,1.46926834704
1.0,3.03415387062,0.727457167736
0.0,1.78913537216,2.96873455741
1.0,1.99127177385,-0.0227155782245
0.0,1.79570949918,2.52154799795
1.0,2.24153752681,-0.866375034589
0.0,-0.139812323043,3.0448951467
1.0,1.56461894459,1.72608839912
0.0,-0.39951487213,2.31948822471
1.0,0.615247403429,1.68951394653
0.0,0.0421419930683,2.31889128708
1.0,0.30684830254,-1.35058029832
0.0,-0.238810840996,1.94636384743
1.0,2.85310323468,0.0442617858334
0.0,-0.347308717848,2.41808683081
1.0,2.19550738044,-0.202041289843
0.0,-1.36382183653,4.07255270422
1.0,2.74313967192,-0.423719765385
0.0,-0.194136278727,1.62031393429
1.0,0.944505675606,1.05898910607
0.0,0.812408509496,1.4961755662
1.0,2.80875630059,-0.357151496934
0.0,-0.613253545729,2.85172360268
1.0,1.84355137938,1.31451810463
0.0,-2.54037923965,0.974137259922
1.0,2.00346934162,-1.91814337144
0.0,0.405279356017,0.833123132403
1.0,0.0918121708327,0.232180914461
0.0,-1.17136760366,3.24939171126
1.0,3.0242252739,-1.28171958601
0.0,0.846780966569,1.98926097355
1.0,1.18793971472,-0.275324720767
0.0,0.0591728951588,1.82320769635
1.0,2.20768869996,-1.14815899265
0.0,-0.0659484640182,1.36702324486
1.0,1.00351210353,0.0707694611421
0.0,-0.65319154857,2.12606055251
1.0,0.542229356252,0.0169368311423
0.0,-1.66384057796,3.4639056937
1.0,3.55986315785,-1.14980883502
0.0,-0.548950565636,1.36451200244
1.0,1.83809207076,0.708834191353
0.0,1.02527542733,0.0893705835527
1.0,2.8832145227,0.506319038828
0.0,-0.370541295791,0.834908840702
1.0,2.55396152755,-0.814093874813
0.0,1.39454219278,3.60062790582
1.0,0.281073573886,0.963080378671
0.0,-0.990228571003,1.59756954588
1.0,2.28985749452,2.28139899001
0.0,0.49669371413,2.03034767299
1.0,1.04163042787,0.886806884407
0.0,0.250411130817,1.6315726902
1.0,2.69387037712,-0.366664374103
0.0,9.29024478354e-05,2.63164906184
1.0,3.14261322697,2.62308902697
0.0,-0.6944882418,1.53222777411
1.0,1.32991315696,-1.15933693025
0.0,1.21684844105,2.13251025093
1.0,2.05074901831,-2.76900178227
0.0,-1.65896422608,0.963262644293
1.0,3.63496975496,1.1792699606
0.0,-1.29036093824,2.0200787757
1.0,2.56870298956,0.310456662007
0.0,2.83491293814,2.16353651262
1.0,1.41730694701,2.50927469181
0.0,-0.00676792769182,2.92316221453
1.0,1.17839449658,0.555110069112
0.0,-0.691921650784,3.44860887119
1.0,1.49494471602,1.43990524178
0.0,0.195775903462,2.71333875313
1.0,1.98045561296,-0.466417111208
0.0,-0.0418372902616,3.11397822688
1.0,2.90295238049,1.59727945954
0.0,-1.34213825433,1.5850645971
1.0,1.92153970389,-0.860814982493
0.0,-0.989544167147,1.11496080526
1.0,2.09871613356,1.33159407725
0.0,-0.148044455403,-0.180751334056
1.0,1.86163298369,1.09362566544
0.0,-0.998640996578,2.22809543062
1.0,1.78361667707,0.285446435729
0.0,0.18643783038,1.54600407765
1.0,2.78606844056,-0.0562725222455
0.0,1.13391419935,0.48791823117
1.0,0.203676523954,0.882053548303
0.0,-1.38257909673,3.72611717745
1.0,1.58412064173,0.0993917530652
0.0,-0.212025129542,2.07260763084
1.0,1.73749034499,-1.79972548059
0.0,1.17250541349,2.02061665777
1.0,0.910563683871,1.19477206318
0.0,1.61597405448,1.97112346256
